EXERCICIO;CODIGO_ACAO;NOME_ACAO
"2024";"0701";"Execucao de Sentencas Judiciarias                                               "
"2024";"0702";"Encargos com Inativos e Pensionistas da Administra Direta                       "
"2024";"0703";"Despesas de Exercicios Anteriores                                               "
"2024";"0704";"Auxilio Funeral                                                                 "
"2024";"0705";"Encargos com Pessoal Reformado da Policia Militar                               "
"2024";"0706";"Encargos e Amortizacao da Divida Interna                                        "
"2024";"0707";"Encargos e Amortizacao da Divida Externa                                        "
"2024";"0713";"Encargos com Indenizacoes Trabalhistas                                          "
"2024";"0715";"Desapropriacao e Indenizacoes de Imoveis                                        "
"2024";"0717";"Pagamento de Acoes Trabalhistas                                                 "
"2024";"0719";"Participacao do Estado no Capital da Companhia de Agua e Esgotos da Paraiba     "
"2024";"0722";"Participacao do Estado no Capital da Companhia Docas da Paraiba                 "
"2024";"0724";"Encargos com Inativos e Pensionistas da Educacao                                "
"2024";"0728";"Concessao de Emprestimos                                                        "
"2024";"0731";"Encargos com Inativos e Pensionistas da Saude                                   "
"2024";"0732";"Encargos com Inativos e Pensionistas da Seguranca                               "
"2024";"0733";"Transferencia ao Fundo Seguro Safra                                             "
"2024";"0734";"Despesas Financeiras                                                            "
"2024";"0735";"Despesas de Exercicios Anteriores - Educacao                                    "
"2024";"0736";"Despesas de Exercicios Anteriores - Saude                                       "
"2024";"0737";"Contribuicao Patronal                                                           "
"2024";"0741";"Encargos com Inativos e Pensionistas da Administracao Indireta                  "
"2024";"0742";"Encargos com Inativos e Pensionistas da Assembleia Legislativa                  "
"2024";"0743";"Encargos com Inativos e Pensionistas do Tribunal de Contas                      "
"2024";"0744";"Encargos com Inativos e Pensionistas do Tribunal de Justica                     "
"2024";"0745";"Encargos com Inativos e Pensionistas do Ministerio do Publico                   "
"2024";"0746";"Pensao do Tesouro                                                               "
"2024";"0748";"Encargos e Amortizacao da Divida Interna da Saude Ate 2000                      "
"2024";"0751";"Indenizacoes e Restituicoes                                                     "
"2024";"0752";"Participacao do Estado no Capital da Companhia de Processamento de Dados da Para"
"2024";"0755";"Encargos e Amortizacao da Divida Interna da Saude Apos 2000                     "
"2024";"0758";"Reforco a Infraestrutura de Ensino Fundamental e Medio nos Municipios           "
"2024";"0759";"Transferencias a Municipios                                                     "
"2024";"0766";"Participacao do Estado no Capital da Companhia Estadual de Habitacao Popular    "
"2024";"0767";"Despesas de Exercicios Anteriores (JC) - 1o Grau                                "
"2024";"0768";"Despesas de Exercicios Anteriores (JC) - 2o Grau                                "
"2024";"0769";"Despesas de Exercicios Anteriores (FEPJ) - 2o Grau                              "
"2024";"0770";"Despesas de Exercicios Anteriores (FEPJ) - 1o Grau                              "
"2024";"0771";"Indenizacoes e Restituicoes (JC) - 1o Grau                                      "
"2024";"0772";"Indenizacoes e Restituicoes (JC) - 2o Grau                                      "
"2024";"0773";"Indenizacoes e Restituicoes (FEPJ) - 1o Grau                                    "
"2024";"0774";"Indenizacoes e Restituicoes (FEPJ) - 2o Grau                                    "
"2024";"0776";"Encargos com Indenizacoes Trabalhistas (JC) - 1o Grau                           "
"2024";"0777";"Encargos com Indenizacoes Trabalhistas (JC) - 2o Grau                           "
"2024";"0779";"Participacao do Estado no Capital da Empresa Paraibana de Comunicacao           "
"2024";"0781";"Aquisicao de Titulos Representativos de Capital da Companhia Paraibana de Gas - "
"2024";"0782";"Indenizacoes e Restituicoes Parlamentares                                       "
"2024";"1059";"Adequacao, Modernizacao e Inovacao do Tribunal de Contas do Estado              "
"2024";"1061";"Manutencao do Centro Estadual de Referencia da Mulher Fatima Lopes              "
"2024";"1062";"Fomento de Atividades Economicas para Grupos Produtivos (Urbanos e Rurais) e Emp"
"2024";"1063";"Implantacao no Sertao da Casa de Acolhida para Mulheres em Situacao de Violencia"
"2024";"1064";"Campanha da Nota Fiscal Paraibana                                               "
"2024";"1066";"Construcao de Centros Integrados de Comando e Controle (CICC)                   "
"2024";"1067";"Construcao da Nova Sede da Secretaria de Seguranca Publica                      "
"2024";"1068";"Construcao dos Distritos Integrados de Seguranca Publica (DISP)                 "
"2024";"1070";"Construcao de Base, Hangar e Heliporto para o Grupamento Tatico Aereo (GTA)     "
"2024";"1071";"Aquisicao de Equipamentos de Inteligencia e Contrainteligencia                  "
"2024";"1072";"Fortalecimento, Expansao e Modernizacao dos Orgaos Operativos de Seguranca Publi"
"2024";"1073";"Projetos de Desenvolvimento e Pesquisa de Produtos Farmaceuticos, Cosmeticos e P"
"2024";"1074";"Estruturacao e Organizacao dos Arranjos Produtivos Locais                       "
"2024";"1075";"Estruturacao Fisica das Unidades Socioeducativas da FUNDAC                      "
"2024";"1076";"Incentivo a Cultura                                                             "
"2024";"1077";"Fomento as Redes Associativas, Consorcios Intermunicipais e Cooperativas Cultura"
"2024";"1078";"Instalacao de Cineclubes nas 12 Regionais de Cultura da Paraiba                 "
"2024";"1081";"Implementacao de Projetos de Infraestrutura para Ciencia, Tecnologia, Inovacao e"
"2024";"1082";"Defesa do Estatuto da Cidade - DECIDE                                           "
"2024";"1083";"Construcao e Ampliacao de Anexos Administrativos da Assembleia Legislativa      "
"2024";"1084";"Construcao de Sedes Ministeriais                                                "
"2024";"1085";"Construcao do Complexo Hospitalar Materno Infantil e Centro de Referencia da Sau"
"2024";"1086";"Construcao da Nova Sede do Laboratorio Central de Saude Publica - LACEN         "
"2024";"1087";"Projeto de Adequacao do Modelo de Atencao e Integracao da Rede de Atencao a Saud"
"2024";"1088";"Operacao e Monitoramento de Recursos Hidricos do Estado                         "
"2024";"1089";"Fortalecimento das Instituicoes e dos Instrumentos de Gestao dos Recursos Hidric"
"2024";"1090";"Reestruturacao e Modernizacao do Sistema de Esgotos de Joao Pessoa              "
"2024";"1091";"Reestruturacao Institucional da CAGEPA                                          "
"2024";"1092";"Elaboracao de Planos, Estudos e Projetos na Area de Recursos Hidricos na Paraiba"
"2024";"1093";"Aperfeicoamento da Comunicacao Institucional Interna e Externa                  "
"2024";"1094";"Implementacao e Expansao da Rede Digital                                        "
"2024";"1122";"Aquisicao de Imoveis (JC) - 1o Grau                                             "
"2024";"1144";"Construcao de Imoveis                                                           "
"2024";"1157";"Construcao e Reforma de Imoveis - FUNESBOM                                      "
"2024";"1161";"Construcao de Barragens e Acudes                                                "
"2024";"1162";"Construcao de Adutoras                                                          "
"2024";"1169";"Aquisicao de Imoveis                                                            "
"2024";"1193";"Construcao, Conservacao e Reforma de Instalacoes Fisicas da Policia Militar     "
"2024";"1211";"Ampliacao de Imoveis Ministeriais                                               "
"2024";"1217";"Promocao de Eventos e Divulgacao da JUCEP                                       "
"2024";"1237";"Fortalecimento Institucional - SETDE                                            "
"2024";"1242";"Implantacao do Sistema Adutor Transparaiba                                      "
"2024";"1243";"Implantacao do Controle de Perdas nos Sistemas de Abastecimento                 "
"2024";"1244";"Elaboracao e Revisao de Instrumentos de Planejamento e                          "
"2024";"1314";"Expansao e Melhoria dos Agronegocios                                            "
"2024";"1344";"Construcao, Conservacao, Reforma e Adaptacao de Imoveis                         "
"2024";"1364";"Desenvolvimento e Aperfeicoamento da Infraestrutura Fisica e Tecnologico dos Cam"
"2024";"1365";"Politica Publica para o Egresso e o Desencarceramento                           "
"2024";"1440";"Desenvolvimento e manutencao do Ensino Infantil                                 "
"2024";"1441";"Desenvolvimento e Manutencao da Educacao Especial                               "
"2024";"1442";"Construcao, Ampliacao, Reforma e Adaptacao de Instalacoes Esportivas            "
"2024";"1443";"Fortalecimento do Cooperativismo na Paraiba                                     "
"2024";"1444";"Manutencao, Modernizacao e Ampliacao do Sistema Aeroviario                      "
"2024";"1445";"Ampliacao da Rede de Distribuicao de Gas Natural                                "
"2024";"1470";"Construcao e Recuperacao de Passagens Molhadas e de Obras Darte Correntes       "
"2024";"1476";"Abastecimento de Agua Atraves de Carro-Pipa                                     "
"2024";"1480";"Construcao de Unidades (FEPJ) - 1o Grau                                         "
"2024";"1496";"Ampliacao e Manutencao da Radio e TV Tabajara                                   "
"2024";"1498";"Diagnostico da Cobertura Vegetal                                                "
"2024";"1499";"Execucao de Projetos e Obras de Engenharia para Construcao, Ampliacao e Moderniz"
"2024";"1500";"Prevencao de Eventos Hidrologicos Criticos                                      "
"2024";"1501";"Fortalecimento dos Comites de Bacia Hidrografica do Estado                      "
"2024";"1502";"Atualizacao, Manutencao e Operacao da Rede de Monitoramento Qualiquantitativo do"
"2024";"1504";"Elaboracao de Planos, Estudos e Projetos na Area de Recursos Hidricos           "
"2024";"1505";"Fortalecimento dos Comites de Bacia Hidrografica do Estado                      "
"2024";"1506";"Atualizacao, Manutencao e Operacao da Rede de Monitoramento Qualiquantitativo do"
"2024";"1507";"Prevencao de Eventos Hidrologicos Criticos no Estado                            "
"2024";"1509";"Elaboracao de Planos, Estudos e Projetos na Area de Recursos Hidricos no Estado "
"2024";"1510";"Recuperacao, Despoluicao e Preservacao dos Recursos Hidricos                    "
"2024";"1512";"Construcao da Nova Sede do IPC em Joao Pessoa                                   "
"2024";"1534";"Elaboracao de Planejamento Estrategico do Estado                                "
"2024";"1540";"Implementacao do E-Processo                                                     "
"2024";"1542";"Melhoramento da Infraestrutura Fisica da Procuradoria Geral do Estado - FUNPE-PB"
"2024";"1543";"Modernizacao da Infraestrutura Tecnologica da Procuradoria Geral do Estado - FUN"
"2024";"1544";"Realizacao de Concurso Publico da Procuradoria Geral do Estado                  "
"2024";"1545";"Construcao de Imoveis Voltados para o Treinamento, Aperfeicoamento e Desenvolvim"
"2024";"1546";"Construcao de Imoveis para o Desenvolvimento e Aperfeicoamento de Pessoal       "
"2024";"1551";"Fortalecimento da Capacidade de Planejamento e de Gestao de Politicas Publicas  "
"2024";"1562";"Construcao e Recuperacao de Cisternas                                           "
"2024";"1572";"Construcao, Reforma e Adaptacao de Unidades Fazendarias                         "
"2024";"1591";"Ampliacao do Sistema Prisional                                                  "
"2024";"1595";"Manutencao, Modernizacao e Ampliacao do Sistema Aeroviario Estadual             "
"2024";"1599";"Operacionalizacao, Gerenciamento e Monitoramento das Acoes de Irrigacao e Drenag"
"2024";"1602";"Planejamento de Engenharia para Obras e Servicos de Transportes                 "
"2024";"1614";"Aquisicao e Locacao de Imoveis para o Corpo de Bombeiros - FUNESBOM             "
"2024";"1617";"Infraestrutura de Apoio a Pesquisa                                              "
"2024";"1619";"Gestao Ambiental                                                                "
"2024";"1620";"Estrategia do Produto Turistico                                                 "
"2024";"1621";"Infraestrutura e Servicos Basicos                                               "
"2024";"1626";"Aparelhamento e Reaparelhamento de Instituicoes Estaduais                       "
"2024";"1636";"Construcao de Unidades (JC) - 1o Grau                                           "
"2024";"1640";"Educacao Fiscal                                                                 "
"2024";"1647";"Construcao do Centro de Distribuicao e da Fabrica de Medicamentos do LIFESA     "
"2024";"1648";"Voluntarios do Controle Externo                                                 "
"2024";"1649";"Dinheiro Direto na Escola                                                       "
"2024";"1663";"Construcao de Bens Imoveis da Policia Civil                                     "
"2024";"1673";"Modernizacao da Gestao Fiscal do Estado da Paraiba - PROFISCO II PB             "
"2024";"1678";"Construcao e Ampliacao da Infraestrutura Piscicola                              "
"2024";"1679";"Construcao e Ampliacao da Infraestrutura da Rede de Abastecimento e Comercializa"
"2024";"1680";"Formacao de Recursos Humanos na Area de Ciencia, Tecnologia e Inovacao          "
"2024";"1691";"Construcao, Ampliacao e Reforma de Unidades Administrativas e de Saude          "
"2024";"1696";"Construcao de Sedes Ministeriais                                                "
"2024";"1703";"Implementacao de Tecnologias Sociais de Captacao e Amazenamento de Agua das Chuv"
"2024";"1704";"Gestao e Execucao dos Programas no Ambito da Politica de Assistencia Social     "
"2024";"1716";"Realizacao de Concurso Publico no Ambito do Poder Executivo                     "
"2024";"1720";"O Trabalho Liberta                                                              "
"2024";"1737";"Implantacao do Canal Acaua/Aracagi                                              "
"2024";"1743";"Estudos e Elaboracao de Projetos da PBPREV                                      "
"2024";"1747";"Aquisicao de Imoveis da ARPB                                                    "
"2024";"1753";"Ampliar o Acesso as Praticas Desportivas, Cultura, Esporte e Lazer para Pessoas "
"2024";"1754";"Exploracao Agropecuaria no Sistema Penal                                        "
"2024";"1760";"Aquisicao de Imoveis (FEPJ) - 1o Grau                                           "
"2024";"1770";"Desenvolvimento Humano e Capital Social - PROCASE                               "
"2024";"1771";"Desenvolvimento Produtivo e Insercao no Mercado Competitivo - PROCASE           "
"2024";"1772";"Desenvolvimento Institucional - PROCASE                                         "
"2024";"1773";"Gerenciamento Sustentavel dos Recursos Naturais e Combate a Desertificacao - PRO"
"2024";"1774";"Administracao do Projeto de Desenvolvimento Rural do Cariri e Serido - PROCASE  "
"2024";"1776";"Adequacao e Modernizacao do Tribunal de Contas do Estado                        "
"2024";"1784";"Consolidacao da Divisao Politico-Administrativa dos Municipios do Estado da Para"
"2024";"1796";"Esporte e Liberdade                                                             "
"2024";"1797";"Aprimoramento da Infraestrutura Fisica da Procuradoria Geral do Estado          "
"2024";"1798";"Aperfeicoamento da Infraestrutura Tecnologica da Procuradoria Geral do Estado   "
"2024";"1806";"Acesso a Agua e Reducao da Vulnerabilidade Agroclimatica                        "
"2024";"1811";"Promocao e Modernizacao do Planejamento e da Gestao Publica Estadual            "
"2024";"1813";"Implementacao e Estruturacao dos Servicos de Protecao Social Basica             "
"2024";"1816";"Prescricao, Aquisicao e Dispensacao de Orteses e Proteses                       "
"2024";"1819";"Comercializacao e Marketing                                                     "
"2024";"1822";"Implementacao e Manutencao do Sistema Nacional de Seguranca Alimentar e Nutricio"
"2024";"1843";"Expansao da Rede Fisica das Unidades Escolares Estaduais                        "
"2024";"1845";"Aliancas Produtivas                                                             "
"2024";"1847";"Modelagem de Projetos para Parcerias Publico-Privadas                           "
"2024";"1848";"Elaboracao do Plano Estadual de Parceria Publico-Privada                        "
"2024";"1849";"Construcao de Sedes e Implantacao de Nucleos para a Defensoria Publica          "
"2024";"1853";"Implantacao de Sistemas de Esgotamento Sanitario                                "
"2024";"1854";"Implantacao, Recuperacao e Ampliacao de Sistemas de Abastecimento D' agua       "
"2024";"1855";"Implementacao, Recuperacao e Gestao de Sistemas de Dessalinizacao               "
"2024";"1857";"Realizacao de Concurso Publico                                                  "
"2024";"1858";"Educacao de Transito na Escola                                                  "
"2024";"1859";"Protecao dos Bens, Valores e Interesses Difusos                                 "
"2024";"1862";"Implantacao de Sistemas de Abastecimento de Agua e de Barreiros no Ambito do Pro"
"2024";"1863";"Realizacao de Concurso Publico da Defensoria Publica                            "
"2024";"1865";"Modernizacao do Corpo de Bombeiros Militar                                      "
"2024";"1866";"Reaparelhamento de Unidades do Corpo de Bombeiros Militar                       "
"2024";"1869";"Mapeamento Cultural                                                             "
"2024";"1874";"Fortalecimento da Camara de Conciliacao de Precatorios                          "
"2024";"1875";"Aprimoramento da Cobranca Extrajudicial e Judicial da Divida Ativa Estadual     "
"2024";"1878";"Construcao, Implantacao, Recuperacao e Modernizacao da Infraestrutura Portuaria "
"2024";"1879";"Implantacao do Terminal de Multiplos Usos                                       "
"2024";"1880";"Implantacao do Terminal de Passageiros                                          "
"2024";"1883";"Aquisicao de Imoveis (JC) - 2o Grau                                             "
"2024";"1885";"Construcao de Unidades (FEPJ) - 2o Grau                                         "
"2024";"1886";"Construcao de Unidades (JC) - 2o Grau                                           "
"2024";"1888";"Aquisicao de Imoveis (FEPJ) - 2o Grau                                           "
"2024";"1893";"Apoio ao Desenvolvimento Sustentavel do Patrimonio Natural Paraibano            "
"2024";"1899";"Transferencias a Instituicoes Privadas sem Fins Lucrativos                      "
"2024";"1990";"Transferencias a Municipios - FDE                                               "
"2024";"1991";"Realizacao de Concurso Publico da CODATA                                        "
"2024";"1992";"Realizacao de Concurso Publico da EPC                                           "
"2024";"1993";"Modernizacao e Fortalecimento do Parque Tecnologico do Poder Judiciario - 1o Gra"
"2024";"1994";"Inovacao Tecnologica para Rede de Saude Estadual -Projeto AMAR                  "
"2024";"1995";"Consolidacao das Redes de Atencao em Saude -Projeto AMAR                        "
"2024";"1996";"Gestao, Monitoramento e Avaliacao - Projeto AMAR                                "
"2024";"1997";"Modernizacao e Fortalecimento do Parque Tecnologico do Poder Judiciario - 2o Gra"
"2024";"1998";"Formacao de Recursos Humanos na Area de Educacao, Ciencia, Tecnologia e Inovacao"
"2024";"1999";"Realizacao de Concurso Publico                                                  "
"2024";"2072";"Desenvolvimento das Acoes de Tributacao, Arrecadacao e Fiscalizacao             "
"2024";"2097";"Fiscalizacao, Acompanhamento e Controle Externo                                 "
"2024";"2098";"Aquisicao e Manutencao de Material Belico                                       "
"2024";"2100";"Elaboracao de Estudos, Diagnosticos e Modelagens para Concessao e Parcerias Publ"
"2024";"2103";"Formacao, Especializacao e Capacitacao dos Recursos Humanos da Policia Civil    "
"2024";"2104";"Ampliacao, Reforma, Adaptacao e Manutencoes de Unidades                         "
"2024";"2105";"Aquisicao de Equipamentos e Mobiliarios                                         "
"2024";"2106";"Expansao e Manutencao da Infraestrutura de Telecomunicacao e Rede Logica de Dado"
"2024";"2107";"Ampliacao e Manutencao da Infraestrutura de Radio Digital                       "
"2024";"2108";"Aquisicao e Manutencao de Equipamentos para Emprego de Equipes Tecnicas ou Espec"
"2024";"2109";"Aquisicao de Veiculos Destinados a Atividades Tecnicas ou Especializadas        "
"2024";"2110";"Fortalecimento da Organizacao Social da Agricultura Familiar e Seus Publicos Esp"
"2024";"2111";"Desenvolvimento do Programa �?? Paraiba Produtiva                               "
"2024";"2112";"Qualificacao do Acesso de Programas e Politicas Voltadas a Agricultura Familiar "
"2024";"2113";"Desenvolvimento do Programa de Governanca e Parcerias pela Agricultura Familiar "
"2024";"2114";"Capacitacao de Procuradores e Servidores - CIRA                                 "
"2024";"2115";"Manutencao do Centro Estadual de Referencia dos Direitos de LGBT e Enfrentamento"
"2024";"2117";"Manutencao do Centro Estadual de Referencia dos Direitos de LGBT e Enfrentamento"
"2024";"2118";"Manutencao do Equipamento de Atendimento Multiprofissional - Casa Abrigo Aryane "
"2024";"2119";"Fortalecimento e Manutencao de Conselhos Estaduais e dos Espacos Democraticos de"
"2024";"2121";"Feiras e Eventos                                                                "
"2024";"2122";"Aquisicao de Hidrometros para Ampliacao e Substituicao da Rede                  "
"2024";"2123";"Aquisicao de Equipamentos de Informatica e Processamento de Dados para Otimizar "
"2024";"2124";"Ampliacao e Modernizacao da Frota de Veiculos de Pequeno, Medio e Grande Porte p"
"2024";"2125";"Aquisicao de Equipamentos em Geral para Modernizacao e Ampliacao de Parque Tecno"
"2024";"2126";"Melhoria Institucional de Infraestrutura do Quadro Pessoal e do Arcabouco Legal "
"2024";"2127";"Execucao da Politica de Seguranca de Barragens                                  "
"2024";"2128";"Atualizacao do Sistema de Informacoes de Recursos Hidricos do Estado            "
"2024";"2129";"Execucao do Plano Plurianual de Capacitacao em Recursos Hidricos                "
"2024";"2130";"Comunicacao Social e Difusao de Informacoes                                     "
"2024";"2131";"Fiscalizacao de Usos dos Recursos Hidricos                                      "
"2024";"2132";"Melhoria Institucional, de Infraestrutura, do Quadro Pessoal e do Arcabouco Lega"
"2024";"2133";"Execucao da Politica de Seguranca de Barragens no Estado                        "
"2024";"2134";"Atualizacao do Sistema de Informacoes de Recursos Hidricos do Estado            "
"2024";"2135";"Execucao do Plano Plurianual de Capacitacao em Recursos Hidricos no Estado      "
"2024";"2136";"Comunicacao Social e Difusao de Informacoes sobre Recursos Hidricos             "
"2024";"2137";"Fiscalizacao de Usos dos Recursos Hidricos no Estado                            "
"2024";"2138";"Reforma e Manutencao de Equipamentos Hidricos                                   "
"2024";"2139";"Manutencao de Servicos Administrativos da Corregedoria Geral da SESDS           "
"2024";"2140";"Manutencao de Servicos Administrativos da Ouvidoria Geral da SESDS              "
"2024";"2141";"Manutencao de Servicos Administrativos e Operacionais da Secretaria de Seguranca"
"2024";"2142";"Manutencao de Servicos Administrativos do Nucleo de Saude Ocupacional da SESDS  "
"2024";"2143";"Formacao, Especializacao e Capacitacao de Bombeiros Militares - FUNESBOM        "
"2024";"2146";"Desenvolvimento e Manutencao do Ensino Medio                                    "
"2024";"2147";"Expansao e Manutencao da Infraestrutura de Telecomunicacao e Rede Logica de Dado"
"2024";"2148";"Aquisicao de Equipamentos de Inteligencia e Contrainteligencia da Policia Civil "
"2024";"2149";"Aquisicao de Equipamentos e Mobiliarios para a Policia Civil                    "
"2024";"2150";"Aquisicao de Veiculos Adaptados e Adaptacao de Veiculos, Destinados a Atividades"
"2024";"2151";"Aquisicao e Manutencao de Material Belico, Equipamentos e Demais Materiais Belic"
"2024";"2152";"Ampliacao, Reforma, Adaptacao e Manutencoes de Unidades da Policia Civil        "
"2024";"2153";"Aquisicao, Manutencao e Customizacao de Softwares para a Policia Civil          "
"2024";"2154";"Aquisicao de Bens e Servicos de Informatica e Equipamentos Tecnologicos para a P"
"2024";"2155";"Aquisicao e Manutencao de Equipamentos para Emprego de Equipes Tecnicas ou Espec"
"2024";"2156";"Manutencao da Academia de Ensino da Policia Civil �?? ACADEPOL                  "
"2024";"2157";"Manutencao do Instituto de Policia Cientifica �?? IPC                           "
"2024";"2158";"Manutencao da Coordenacao das Delegacias da Mulher - COORDEAM                   "
"2024";"2159";"Manutencao da Delegacia Geral de Policia Civil                                  "
"2024";"2160";"Capacitacao de Recursos Humanos                                                 "
"2024";"2161";"Conservacao e Manutencao da Sinalizacao para o Transito                         "
"2024";"2162";"Aperfeicoamento da Representacao Judicial e Extrajudicial do Estado             "
"2024";"2164";"Aprimoramento da Cobranca Extrajudicial e Judicial da Divida Ativa Estadual - CI"
"2024";"2165";"Capacitacao de Recursos Humanos da Defensoria Publica - FEDP                    "
"2024";"2166";"Manutencao do Centro Estadual de Referencia Etnico Racial para Atendimento a Pop"
"2024";"2167";"Aprimoramento da Gestao do Programa Bolsa Familia - PBF                         "
"2024";"2168";"Estruturacao e Manutencao dos Condominios do Cidade Madura                      "
"2024";"2169";"Fortalecimento da Politica para Pessoa Idosa                                    "
"2024";"2170";"Realizacao das Conferencias, Seminarios e Simposios de Cultura                  "
"2024";"2171";"Aquisicao de Equipamentos de Protecao Individual (EPI)                          "
"2024";"2172";"Aquisicao de Fardamentos e Acessorios                                           "
"2024";"2173";"Customizacao, Aquisicao e Manutencao de Sistemas de Inteligencia e Contraintelig"
"2024";"2174";"Promocao de Eventos de Integracao dos Orgaos Operativos de Seguranca Publica e O"
"2024";"2175";"Apoio a Formacao Profissional - Estagio Supervisionado                          "
"2024";"2176";"Modernizacao da Policia Militar                                                 "
"2024";"2177";"Informacao e Publicizacao com Qualidade das Politicas Publicas do Governo e da G"
"2024";"2178";"Manutencao da Rede Fisica das Unidades Escolares Estaduais                      "
"2024";"2179";"Formacao, Especializacao e Capacitacao de Policiais Militares                   "
"2024";"2180";"Apoio a Formacao Profissional-Estagio Supervisionado                            "
"2024";"2181";"Controle e Monitoramento das Politicas da Crianca e do Adolescente              "
"2024";"2182";"Acoes de Promocao e Protecao dos Direitos Humanos da Crianca e do Adolescente   "
"2024";"2183";"Gerenciamento da Gestao do Atendimento SINASE para Adolescentes/Jovens em Privac"
"2024";"2184";"Gerenciamento do Servico Egresso do Meio Fechado da Socioeducacao               "
"2024";"2185";"Assistencia aos/as Adolescentes/Jovens em Privacao e Restricao de Liberdade nas "
"2024";"2187";"Promocao de Eventos, Concursos Culturais e Festivais                            "
"2024";"2188";"Preservacao de Acervos Bibliograficos da FCJA e do Centro Paraibano de Cultura P"
"2024";"2189";"Preservacao da Memoria Historica, Documental Arquivistica de Governadores, Memor"
"2024";"2190";"Apoio a Eventos Diversos                                                        "
"2024";"2191";"Incentivo a Eventos Culturais das 12 Regionais de Cultura                       "
"2024";"2192";"Apoio ao Desenvolvimento Industrial                                             "
"2024";"2193";"Promocao de Atividades de Circulacao Artistica e Intercambio Cultural           "
"2024";"2194";"Aprimoramento do Sistema de Informacoes e Indicadores Culturais                 "
"2024";"2195";"Fomento a Eventos Culturais                                                     "
"2024";"2196";"Implementacao de Acoes de Democratizacao do Cinema e da Atividade Cineclubista  "
"2024";"2197";"Implementacao de Acoes de Circulacao Artistica                                  "
"2024";"2198";"Implementacao de Acoes de Intercambio Artistico-cultural                        "
"2024";"2199";"Capacitacao e Treinamentos de Cultura                                           "
"2024";"2200";"Implementacao de Acoes de Valorizacao das Culturas Tradicionais                 "
"2024";"2201";"Implementacao de Acoes de Valorizacao da Literatura de Cordel                   "
"2024";"2203";"Concessao de Projetos de Ensino, Pesquisa, Extensao e Desenvolvimento nas Areas "
"2024";"2204";"Concessao de Bolsas para Formacao de Recursos Humanos nas Areas de Ciencia, Tecn"
"2024";"2205";"Fomento a Projetos de Extensao Tecnologica e Inovadora em Empresas              "
"2024";"2206";"Apoio a Inovacao Tecnologica na Empresa                                         "
"2024";"2207";"Apoio a Eventos e a Publicacoes nas Areas da Educacao, Ciencia, Tecnologia e Ino"
"2024";"2208";"Reparos e Conservacao de Veiculos do funcep                                     "
"2024";"2209";"Vale e Auxilio Saude (JC) - 1o Grau                                             "
"2024";"2210";"Vale e Auxilio Saude (FEPJ) - 1o Grau                                           "
"2024";"2211";"Vale e Auxilio Saude (JC) - 2o Grau                                             "
"2024";"2212";"Vale e Auxilio Saude (FEPJ) - 2o Grau                                           "
"2024";"2213";"Implementacao da Atencao a Saude no Estado                                      "
"2024";"2214";"Politica de Salvaguarda da Memoria Paraibana                                    "
"2024";"2215";"Apoio a Implantacao de Equipamentos para Destinacao Final dos Residuos Solidos  "
"2024";"2216";"Aquisicao, Locacao e Manutencao para Aeronaves - FUNESBOM                       "
"2024";"2217";"Aquisicao e Manutencao de Material Belico - FUNESBOM                            "
"2024";"2218";"Realizacao da Macromedicao de Agua Bruta                                        "
"2024";"2219";"Aquisicao de Moveis, Utensilios, Maquinas, Equipamentos e Outros Materiais Perma"
"2024";"2220";"Capacitacao de Servidores da SEPLAG                                             "
"2024";"2221";"Implantacao e Manutencao do Equipamento de Atendimento as Mulheres Vitimas de Vi"
"2024";"2222";"Ampliacao de Imoveis Ministeriais                                               "
"2024";"2223";"Ampliacao e Manutencao de Infraestrutura, Equipamentos e Software de Tecnologia "
"2024";"2224";"Realizacao de Congressos e Seminarios                                           "
"2024";"2225";"Implementacao e Fortalecimento das Acoes de Vigilancia em Saude                 "
"2024";"2226";"Ouvidoria                                                                       "
"2024";"2227";"Fiscalizacao da Distribuicao de Energia Eletrica no Estado da Paraiba           "
"2024";"2228";"Concessao de Bolsas para Programas de Formacao em Saude                         "
"2024";"2230";"Publicacao em Meio Digital e Impresso dos Indicadores Tematicos do Estado da Par"
"2024";"2231";"Promocao de Atividades Dirigidas a Jovens Negras(os), LGBTQI+ e Mulheres Jovens "
"2024";"2232";"Concessao de Beneficios Eventuais                                               "
"2024";"2233";"Treinamento e Capacitacao de Servidores Estaduais                               "
"2024";"2234";"Aporte de Recursos ao Consorcio Nordeste                                        "
"2024";"2235";"Promocao do Acesso ao Primeiro Emprego                                          "
"2024";"2239";"Formacao na Modalidade a Distancia em Cursos de Curta Duracao e Educacao Superio"
"2024";"2240";"Formacao em Cursos a Distancia de Curta Duracao e Educacao Superior             "
"2024";"2241";"Formacao em Cursos de Educacao Superior, Pos-Graduacao Stricto-Sensu            "
"2024";"2242";"ENEM Servidor                                                                   "
"2024";"2243";"Formacao em Cursos de Educacao Superior e Pos-Graduacao Lato-Sensu              "
"2024";"2244";"Cadastramento e Monitoramento dos Consumidores de Produtos e Subprodutos Florest"
"2024";"2245";"Divulgacao dos Programas e Acoes do Governo                                     "
"2024";"2247";"Fiscalizacao do Servico de Distribuicao de Gas Canalizado                       "
"2024";"2248";"Implantacao e Implementacao da Superintendencia de Coordenacao e Supervisao de C"
"2024";"2255";"Treinamento e Capacitacao de Servidores                                         "
"2024";"2260";"Manutencao de Servicos de Transporte                                            "
"2024";"2264";"Manutencao de Servicos Administrativos Gerais                                   "
"2024";"2267";"Projeto, Construcao, Implantacao, Ampliacao e Controle Operacional de Sistemas d"
"2024";"2274";"Manutencao e Conservacao de Bens Imoveis                                        "
"2024";"2285";"Manejo Florestal Sustentavel                                                    "
"2024";"2297";"Desenvolvimento e Manutencao do Ensino Fundamental                              "
"2024";"2301";"Execucao de Obras Publicas                                                      "
"2024";"2303";"Fomento a Producao Cultural FCJA                                                "
"2024";"2319";"Capacitacao de Recursos Humanos - SUPLAN                                        "
"2024";"2326";"Formacao e Desenvolvimento de Profissionais da Educacao                         "
"2024";"2342";"Politica de Formacao Patrimonial                                                "
"2024";"2347";"Acoes Compartilhadas (Transversalidades e Intersetorialidade) - FCJA            "
"2024";"2355";"Estudos, Pesquisas e Desenvolvimento de Projetos                                "
"2024";"2360";"Assistencia as Acoes de Apoio Governamental                                     "
"2024";"2373";"Assistencia Juridica e Psico-social                                             "
"2024";"2383";"Estruturacao e Organizacao dos Arranjos e Sistemas Produtivos Locais - ASPL´s  "
"2024";"2387";"Acompanhamento das Penas e Medidas Alternativas                                 "
"2024";"2389";"Capacitacao de Recursos Humanos da Defensoria Publica - FEDP                    "
"2024";"2392";"Atendimento aos Direitos do Consumidor                                          "
"2024";"2415";"Campanhas Educativas                                                            "
"2024";"2421";"Regulacao do Setor de Saneamento                                                "
"2024";"2432";"Realizacao de Eventos Diversos                                                  "
"2024";"2434";"Execucao de Atividade de Policia Ostensiva, Preventiva e Repressiva             "
"2024";"2440";"Bolsa Esporte                                                                   "
"2024";"2442";"Paraiba Ativa                                                                   "
"2024";"2446";"Capacitacao e Repasse do Saber para o Artesao e Agentes Multiplicadores         "
"2024";"2450";"Apoio ao Artesao para Acesso ao Mercado                                         "
"2024";"2453";"Promocao e Divulgacao do Artesanato da Paraiba                                  "
"2024";"2459";"Jogos Escolares e Paraescolares na Paraiba                                      "
"2024";"2460";"Perfuracao, Instalacao e Recuperacao de Pocos Tubulares                         "
"2024";"2463";"Apoio a Casa do Artista Popular, a Casa do Artesao, Mercado de Artesanato e ao C"
"2024";"2464";"Execucao de Atividades Metrologicas                                             "
"2024";"2466";"Execucao de Atividades de Qualidade                                             "
"2024";"2471";"Aquisicao e Manutencao de Material Belico                                       "
"2024";"2484";"Supervisao e Coordenacao das Acoes do Turismo e do Desenvolvimento Economico    "
"2024";"2485";"Ampliacao e Fortalecimento do Processo de Registros de Atos Empresariais        "
"2024";"2488";"Capacitacao de Recursos Humanos da JUCEP                                        "
"2024";"2511";"Desenvolvimento e Manutencao da Educacao Tecnica Profissional                   "
"2024";"2578";"Realizacao de Eventos da EPC                                                    "
"2024";"2584";"Manutencao do Conselho Estadual da Educacao                                     "
"2024";"2594";"Programa de Aquisicao de Alimentos                                              "
"2024";"2600";"Capacitacao e Aperfeicoamento dos Recursos Humanos do Sistema Penitenciario     "
"2024";"2610";"Assistencia Social Geral                                                        "
"2024";"2625";"Orquestra Sinfonica da Paraiba e Coros                                          "
"2024";"2659";"Capacitacao, Fortalecimento Organizacional e Produtivo da Agropecuaria          "
"2024";"2676";"Producao e Distribuicao de Sementes                                             "
"2024";"2689";"Atendimento Assistencial a Estudantes                                           "
"2024";"2691";"Capacitacao, Aperfeicoamento e Garantia de Educacao Profissionalizante para os P"
"2024";"2692";"Programa Cidadania e Liberdade - Eixo Cultura - Qualificacao e Incentivo a Produ"
"2024";"2733";"Auxilios e Outros Beneficios - TCE                                              "
"2024";"2739";"Fiscalizacao e Controle da Poluicao e das Degradacoes Ambientais                "
"2024";"2747";"Promocao da Educacao em Direitos Humanos e Diversidade                          "
"2024";"2754";"Confeccao de Carteiras de Passe Livre Intermunicipal                            "
"2024";"2757";"Servicos Lotericos                                                              "
"2024";"2758";"Fornecimento de Alimentacao Escolar                                             "
"2024";"2766";"Formacao e Desenvolvimento dos Recursos Humanos da FUNAD                        "
"2024";"2769";"Apoio Tecnico, Financeiro e Pedagogico na Educacao Basica aos Municipios Paraiba"
"2024";"2770";"Desenvolvimento e Manutencao da Educacao de Jovens e Adultos                    "
"2024";"2787";"Implantacao e Manutencao de Espacos Culturais                                   "
"2024";"2811";"Esporte para Pessoas com Deficiencias                                           "
"2024";"2827";"Ampliacao e Manutencao do Sistema Nacional de Emprego - SINE na Paraiba         "
"2024";"2834";"Fiscalizacao do Servico de Abastecimento de Agua                                "
"2024";"2847";"Implementacao e Estruturacao dos Servicos de Protecao Especial - Alta Complexida"
"2024";"2852";"Fortalecimento do Controle Social da Gestao do SUAS e PBF                       "
"2024";"2864";"Concessao de Bolsas e Assistencia ao Estudante                                  "
"2024";"2868";"Aluguel de Imoveis - 1o Grau                                                    "
"2024";"2870";"Formacao e Capacitacao de Agentes Publicos                                      "
"2024";"2892";"Apoio a Juventude                                                               "
"2024";"2928";"Educacao Ambiental                                                              "
"2024";"2935";"Formacao, Capacitacao e Especializacao para Profissionais de Seguranca Publica  "
"2024";"2950";"Implementacao da Estruturacao Organizacional da Rede Estadual de Saude          "
"2024";"2951";"Modernizacao da Policia Civil                                                   "
"2024";"2955";"Instalacoes para o Desenvolvimento                                              "
"2024";"2958";"Infraestrutura para o Desenvolvimento                                           "
"2024";"2963";"Capacitacao de Recursos Humanos                                                 "
"2024";"2981";"Monitoramento das Praias, dos Corpos de Agua Superficiais e da Qualidade do Ar n"
"2024";"2989";"Manutencao do Conselho Estadual de Saude                                        "
"2024";"2994";"Fiscalizacao no Transito                                                        "
"2024";"2996";"Atendimento a Usuarios dos Setores de Urgencia, Emergencia e Apoio Hospitalar   "
"2024";"2999";"Incentivo a Implantacao e Desenvolvimento de Micro, Pequenas e Medias Empresas  "
"2024";"3000";"Capacitacao de Servidores - PROFISCO II                                         "
"2024";"3001";"Implementacao de Projetos de Infraestrutura para Ciencia, Tecnologia, Inovacao e"
"2024";"3002";"Concurso Publico Assembleia Legislativa da Paraiba                              "
"2024";"3003";"Implantacao da Camara de Transacao e Conciliacao - CTCT                         "
"2024";"3004";"Construcao e Ampliacao de Anexos Administrativos da Assembleia Legislativa      "
"2024";"3005";"Elaboracao de Estudos, Projetos e Diagnostico em Energia                        "
"2024";"3006";"Implantacao de Corredores Viarios e Terminais de BUS Rapid Service (BRS)        "
"2024";"4013";"Modernizacao nos Padroes de Divulgacao Institucional Cultural Artistico e Histor"
"2024";"4021";"Democratizacao do Planejamento Publico - Orcamento Demo                         "
"2024";"4026";"Auditoria, Controle Interno e Contabilidade                                     "
"2024";"4027";"Criacao e Gerencia de Areas Protegidas                                          "
"2024";"4034";"Promocao de Eventos e Cursos ESPEP                                              "
"2024";"4050";"Manutencao da Maternidade Frei Damiao (Joao Pessoa)                             "
"2024";"4051";"Manutencao do Complexo de Saude Juliano Moreira                                 "
"2024";"4052";"Manutencao do Complexo de Saude Clementino Fraga                                "
"2024";"4054";"Manutencao do Complexo de Saude Arlinda Marques                                 "
"2024";"4055";"Manutencao do Complexo de Saude de Guarabira                                    "
"2024";"4056";"Realizacao de Cadastros e Acoes de Fiscalizacao e Conscientizacao dos Prestadore"
"2024";"4057";"Manutencao do Hospital Regional Dr. Felipe Thiago Gomes (Picui)                 "
"2024";"4059";"Manutencao do Hospital Regional Santa Filomena (Monteiro)                       "
"2024";"4060";"Manutencao do Hospital Regional Deputado Janduhy Carneiro / UNACON (Patos)      "
"2024";"4061";"Manutencao da Maternidade Dr. Peregrino Filho (Patos)                           "
"2024";"4062";"Manutencao do Hospital Infantil Noaldo Leite (Patos)                            "
"2024";"4063";"Manutencao do Hospital Regional de Cajazeiras                                   "
"2024";"4065";"Manutencao do Hospital Regional Deputado Manoel Goncalves de Abrantes (Sousa)   "
"2024";"4066";"Manutencao do Hospital de Emergencia e Trauma Senador Humberto Lucena (Joao Pess"
"2024";"4067";"Manutencao do Hospital Regional de Urgencia e Emergencia Dom Luiz Gonzaga Fernan"
"2024";"4069";"Gerenciamento e Planejamento da Execucao de Obras de Infraestrutura no Estado   "
"2024";"4092";"Balcoes de Direito                                                              "
"2024";"4104";"Acoes Promocionais de Fomento ao Turismo                                        "
"2024";"4109";"Vale e Auxilio Transporte (JC) - 1o Grau                                        "
"2024";"4110";"Vale e Auxilio Transporte (JC) - 2o Grau                                        "
"2024";"4111";"Vale e Auxilio Transporte (FEPJ) - 1o Grau                                      "
"2024";"4112";"Vale e Auxilio Transporte (FEPJ) - 2o Grau                                      "
"2024";"4113";"Vale Refeicao/Alimentacao e Auxilio Alimentacao (JC) - 1o Grau                  "
"2024";"4114";"Vale Refeicao/Alimentacao e Auxilio Alimentacao (JC) - 2o Grau                  "
"2024";"4115";"Vale Refeicao/Alimentacao e Auxilio Alimentacao (FEPJ) - 1o Grau                "
"2024";"4116";"Vale Refeicao/Alimentacao e Auxilio Alimentacao (FEPJ) - 2o Grau                "
"2024";"4152";"Reaparelhamento de Unidade e Subunidade dos Quarteis da Policia Militar         "
"2024";"4157";"Gerenciamento e Planejamento da Execucao de Obras de Infraestrutura             "
"2024";"4165";"Manutencao das Centrais de Abastecimento e Comercializacao                      "
"2024";"4174";"Seguranca Alimentar e Nutricional da EMPASA-SANE                                "
"2024";"4186";"Projetos em Defesa dos Interesses Difusos e Coletivos                           "
"2024";"4194";"Conservacao, Reforma e Adaptacao de Imoveis                                     "
"2024";"4195";"Encargos com Agua, Energia e Telefone                                           "
"2024";"4196";"Encargos com Agua, Energia e Telefone da Educacao                               "
"2024";"4197";"Encargos com Agua, Energia e Telefone da Saude                                  "
"2024";"4198";"Encargos com Agua, Energia e Telefone da Seguranca Publica                      "
"2024";"4199";"Aluguel de Imoveis                                                              "
"2024";"4200";"Aluguel de Imoveis da Educacao                                                  "
"2024";"4201";"Aluguel de Imoveis da Saude                                                     "
"2024";"4202";"Aluguel de Imoveis da Seguranca Publica                                         "
"2024";"4203";"Seguros e Taxas de Imoveis                                                      "
"2024";"4204";"Manutencao e Conservacao de Aeronaves                                           "
"2024";"4205";"Administracao e Manutencao da Frota de Veiculos                                 "
"2024";"4206";"Administracao e Manutencao da Frota de Veiculos da Educacao                     "
"2024";"4207";"Administracao e Manutencao da Frota de Veiculos da Saude                        "
"2024";"4208";"Administracao e Manutencao da Frota de Veiculos da Seguranca Publica            "
"2024";"4209";"Reparos e Conservacao de Veiculos                                               "
"2024";"4210";"Locacao de Veiculos                                                             "
"2024";"4211";"Seguros e Taxas de Veiculos                                                     "
"2024";"4212";"Aquisicao de Pecas e Acessorios                                                 "
"2024";"4213";"Aquisicao de Veiculos                                                           "
"2024";"4214";"Aquisicao de Veiculos da Educacao                                               "
"2024";"4215";"Aquisicao de Veiculos da Saude                                                  "
"2024";"4216";"Manutencao de Servicos Administrativos                                          "
"2024";"4217";"Encargos com Pessoal Ativo                                                      "
"2024";"4218";"Formacao do Patrimonio do Servidor Publico                                      "
"2024";"4219";"Servicos de Informatizacao                                                      "
"2024";"4220";"Vale e Auxilio Transporte                                                       "
"2024";"4221";"Vale Refeicao/Alimentacao e Auxilio Alimentacao                                 "
"2024";"4222";"Assistencia Medica e Odontologica                                               "
"2024";"4224";"Treinamento e Palestras Gerenciais para os Empreendedores                       "
"2024";"4225";"Credito Produtivo Orientado                                                     "
"2024";"4229";"Formacao e Desenvolvimento de Profissionais e Educadores                        "
"2024";"4235";"Formacao em Cursos de Curta Duracao para os Servidores Publicos                 "
"2024";"4237";"Acompanhamento dos Pleitos do Estado da Paraiba Junto aos Orgaos Federais       "
"2024";"4243";"Incentivo a Producao Artistica e Cultural                                       "
"2024";"4244";"Acoes Compartilhadas - FIC                                                      "
"2024";"4245";"Administracao e Manutencao dos Estadios e da Vila Olimpica                      "
"2024";"4246";"Locacao de Veiculos para Secretaria de Estado da Seguranca Publica              "
"2024";"4248";"Gerenciamento do Fundo Estadual de Recursos Hidricos                            "
"2024";"4250";"Fiscalizacao dos Servicos de Distribuicao de Energia Eletrica                   "
"2024";"4251";"Regulacao Supletiva na Area de Concessao da Energisa Borborema e Paraiba        "
"2024";"4252";"Projeto, Construcao, Implantacao, Ampliacao e Controle Operacional de Sistemas d"
"2024";"4254";"Apoio a Projetos de Entidades Publicas, Privadas e Sociedade em Geral           "
"2024";"4255";"Capacitacao e Desenvolvimento de Servidores                                     "
"2024";"4257";"Formacao e Capacitacao de Recursos Humanos para todo o Quadro de Pessoal, bem co"
"2024";"4259";"Qualificacao Social e Profissional de Jovens e Adultos                          "
"2024";"4262";"Capacitacao de Tecnicos, Gestores, Conselheiros e Agentes Publicos no Ambito da "
"2024";"4264";"Promocao da Politica de Assistencia Social                                      "
"2024";"4268";"Disponibilizacao de Alimentos para Familias em Situacao de Inseguranca Alimentar"
"2024";"4269";"Construcao, Reforma e Recuperacao de Casas Populares nas Areas Urbana e Rural   "
"2024";"4278";"Desenvolvimento da Aquicultura e Pesca em Aguas Interiores                      "
"2024";"4287";"Defesa Sanitaria Animal e Vegetal                                               "
"2024";"4291";"Arranjos Produtivos e Alternativas para a Sustentabilidade                      "
"2024";"4293";"Difusao e Transferencia de Tecnologia Agropecuaria                              "
"2024";"4294";"Pesquisa, Experimentacao e Tecnologia Aplicada aos Recursos Geneticos e a Produc"
"2024";"4295";"Assistencia ao Custodiado no Sistema Prisional                                  "
"2024";"4297";"Insercao e Atracao de Investimentos Nacional e Internacional para a Paraiba     "
"2024";"4309";"Servicos de Assistencia Medico Hospitalar e Odontologica para o Servidor e seus "
"2024";"4310";"Prevencao, Socorro e Reparacao de Calamidade Publica                            "
"2024";"4311";"Atualizacao de Dados de Estudos Atuariais                                       "
"2024";"4312";"Capacitacao de Pessoal                                                          "
"2024";"4317";"Capacitacao de Agentes Publicos                                                 "
"2024";"4324";"Gestao e Execucao de Programas de Protecao a Pessoas Ameacadas de Morte         "
"2024";"4327";"Apoio ao Desenvolvimento Rural Sustentavel                                      "
"2024";"4329";"Manutencao e Fortalecimento do Conselho Estadual da Assistencia Social          "
"2024";"4332";"Capacitacao de Pessoas, Agentes e Profissionais de Turismo                      "
"2024";"4334";"Acoes Promocionais de Fomento ao Turismo - SETDE                                "
"2024";"4335";"Planejamento, Apoio e Gestao da Infraestrutura Turistica                        "
"2024";"4338";"Aquisicao de Moveis, Utensilios, Maquinas, Equipamentos e Outros Materiais Perma"
"2024";"4341";"Aquisicao de Veiculos da Seguranca Publica                                      "
"2024";"4342";"Promocao do Acesso a Documentacao Civil Basica                                  "
"2024";"4348";"Servicos Administrativos Gerais                                                 "
"2024";"4359";"Apoio a Casa do Artista Popular                                                 "
"2024";"4361";"Implementacao do Sistema Estadual de Cultura                                    "
"2024";"4362";"Manutencao do Conselho Estadual da Crianca e do Adolescente                     "
"2024";"4364";"Gestao, Administracao, Monitoramento e Avaliacao dos Investimentos do PRODETUR  "
"2024";"4365";"Implementacao das Politicas Publicas Agropecuarias para o Desenvolvimento do Agr"
"2024";"4366";"Capacitacao de Mao-de-Obra Especializada                                        "
"2024";"4367";"Apoio a Eventos e a Capacitacao de Recursos Humanos para a Ciencia, Tecnologia e"
"2024";"4368";"Revitalizacao e Manutencao das Bacias e dos Equipamentos Hidrograficos          "
"2024";"4369";"Elaboracao de Planos, Estudos e Projetos de Supervisao e Gerenciamento na Area d"
"2024";"4371";"Gerenciamento Costeiro                                                          "
"2024";"4373";"Promocao do Atendimento Qualificado e Humanizado as Pessoas com Deficiencia     "
"2024";"4389";"Uso Alternativo do Solo                                                         "
"2024";"4391";"Aquisicao, Locacao e Manutencao de Viaturas, Pecas, Acessorios e Servicos - FUNE"
"2024";"4392";"Prevencao, Fiscalizacao e Pericias de Incendio - FUNESBOM                       "
"2024";"4393";"Combate a Incendio, Salvamento e Atendimento Pre-hospitalar - FUNESBOM          "
"2024";"4394";"Producao, Comercializacao e Distribuicao de Saneantes                           "
"2024";"4395";"Producao, Comercializacao e Distribuicao de Medicamentos Alopaticos e Fitoterapi"
"2024";"4398";"Atividade de Suporte de Apoio Parlamentar                                       "
"2024";"4410";"Restauracao, Pavimentacao, Manutencao e Implantacao de Rodovias                 "
"2024";"4411";"Mutirao Fiscal                                                                  "
"2024";"4413";"Elaboracao de Planos, Pesquisas, Projetos, Diagnosticos e Estudos em Meio Ambien"
"2024";"4416";"Fortalecimento Institucional                                                    "
"2024";"4417";"Gestao, Monitoramento e Avaliacao                                               "
"2024";"4420";"Censo Previdenciario                                                            "
"2024";"4424";"Gerenciamento do Fundo Estadual de Ciencia e Tecnologia                         "
"2024";"4425";"Assistencia Tecnica aos Agricultores Familiares                                 "
"2024";"4428";"Capacitacao de Recursos Humanos da SUDEMA                                       "
"2024";"4436";"Preservacao da Memoria                                                          "
"2024";"4441";"Manutencao dos Centros Sociais Urbanos - CSU                                    "
"2024";"4442";"Redistribuicao e Regularizacao Fundiaria                                        "
"2024";"4443";"Gerenciamento das Acoes de Credito Fundiario                                    "
"2024";"4468";"Implantacao, Manutencao e Melhoria da Seguranca Rodoviaria                      "
"2024";"4482";"Aprimoramento dos Instrumentos de Gestao dos Recursos Hidricos                  "
"2024";"4484";"Regulacao do Servico de Irrigacao                                               "
"2024";"4485";"Divulgacao de Obras Literarias                                                  "
"2024";"4497";"Implementacao da Politica de Seguranca de Barragens                             "
"2024";"4502";"Consolidacao e Desenvolvimento de Ensino, Pesquisa e Extensao                   "
"2024";"4503";"Encargos com Pessoal Ativo da UEPB                                              "
"2024";"4505";"Planejamento, Coordenacao e Supervisao da Politica de Seguranca                 "
"2024";"4506";"Gerenciamento da Execucao da Politica do Meio Ambiente                          "
"2024";"4508";"Apoio ao Desenvolvimento de Empreendimentos Industriais de Alta Base Tecnologica"
"2024";"4511";"Manutencao do Centro Administrativo Estadual                                    "
"2024";"4513";"Controle Interno                                                                "
"2024";"4514";"Contadoria e Transparencia                                                      "
"2024";"4515";"Apoio as Acoes Sociais e de Humanizacao                                         "
"2024";"4516";"Apoio a Pesquisa, Desenvolvimento e Inovacao em Ciencia e Tecnologia            "
"2024";"4518";"Ampliacao da Infraestrutura de Servicos Sociais Basicos                         "
"2024";"4521";"Locacao de Veiculos para a Secretaria de Estado da Saude                        "
"2024";"4527";"Fiscalizacao, Acompanhamento e Controle da Gestao                               "
"2024";"4531";"Manutencao de Servicos Administrativos da ESAT                                  "
"2024";"4533";"Prevencao, Fiscalizacao e Pericias de Incendio - CBMPB                          "
"2024";"4534";"Combate a Incendio, Salvamento e Atendimento Pre-hospitalar - CBMPB             "
"2024";"4536";"Reintegracao do Custodiado a Sociedade                                          "
"2024";"4537";"Assistencia Juridica e Financeira aos Apenados                                  "
"2024";"4539";"Formacao e Capacitacao de Oficias e Pracas                                      "
"2024";"4542";"Manutencao do Conselho Estadual de Seguranca Alimentar - CONSEA                 "
"2024";"4543";"Reforma e Manutencao de Equipamentos Hidricos                                   "
"2024";"4544";"Promocao do Acesso a Servicos Publicos - Casas da Cidadania                     "
"2024";"4545";"Multiplicacao e Distribuicao de Material Genetico Melhorado para o Arranjo Produ"
"2024";"4547";"Motomecanizacao Agricola                                                        "
"2024";"4549";"Manutencao da 1a Superintendencia de Policia Civil na Cidade de Joao Pessoa     "
"2024";"4550";"Manutencao da 2a Superintendencia Regional de Policia Civil na Cidade de Campina"
"2024";"4553";"Manutencao da 3a Superintendencia Regional de Policia Civil na Cidade de Patos  "
"2024";"4569";"Manutencao do Centro de Educacao em Joao Pessoa                                 "
"2024";"4570";"Manutencao das Unidades do Comando Regional I (CPR I)                           "
"2024";"4571";"Desenvolvimento e Manutencao da 1a Gerencia Regional de Ensino - Joao Pessoa    "
"2024";"4572";"Desenvolvimento e Manutencao da 3a Gerencia Regional de Ensino - Campina Grande "
"2024";"4575";"Fomento a Economia Solidaria                                                    "
"2024";"4578";"Manutencao das Oficinas Ortopedicas Fixas                                       "
"2024";"4580";"Manutencao do Centro de Especialidades Odontologicas (CEO)                      "
"2024";"4581";"Manutencao do Hospital Distrital Senador Ruy Carneiro (Pombal)                  "
"2024";"4583";"Manutencao do Hospital Regional Wenceslau Lopes (Pianco)                        "
"2024";"4593";"Planejamento de Marketing Turistico                                             "
"2024";"4594";"Cartao Alimentacao                                                              "
"2024";"4597";"Manutencao da Escola Superior da Procuradoria Geral do Estado                   "
"2024";"4599";"Locacao de Veiculos para a Secretaria de Estado da Educacao                     "
"2024";"4600";"Manutencao das Unidades do Comando Regional II (CPR II)                         "
"2024";"4602";"Encargos com Pessoal Requisitado                                                "
"2024";"4603";"Aquisicao e Manutencao de Maquinas, Equipamentos e Veiculos                     "
"2024";"4608";"Circuito de Atividades Esportivas                                               "
"2024";"4611";"Producao e Distribuicao de Mudas                                                "
"2024";"4612";"Construcao, Reforma, Conservacao da Infraestrutura de Uso do Setor Agropecuario "
"2024";"4615";"Exposicoes, Feiras e Outros Eventos Agropecuarios                               "
"2024";"4616";"Apoio as Atividades de Aquicultura e Pesca                                      "
"2024";"4617";"Cadastro Ambiental Rural (CAR)                                                  "
"2024";"4621";"Ampliacao e Modernizacao do Parque Tecnologico                                  "
"2024";"4629";"Atendimento Juridico Especializado da Crianca e do Adolescente                  "
"2024";"4630";"Assistencia Juridica Criminial                                                  "
"2024";"4631";"Atendimento Juridico Especializado as Mulheres Vitimas de Violencia             "
"2024";"4632";"Atendimento Juridico Especializado em Direitos Humanos de Prevencao e Combate a "
"2024";"4633";"Atendimento Juridico Especializado ao Idoso e ao Portador de Deficiencia Fisica "
"2024";"4635";"Modernizacao da Rede Pluviometrica do Estado da Paraiba                         "
"2024";"4639";"Interiorizacao do Procon-PB                                                     "
"2024";"4640";"Educacao do Pequeno Consumidor                                                  "
"2024";"4641";"Procon Itinerante                                                               "
"2024";"4642";"Qualificacao da Mao de Obra Prisional em Servico                                "
"2024";"4647";"Campanhas, Acoes Educativas e Atividades Anuais LGBTQI+, Mulheres e Populacao Ne"
"2024";"4648";"Atendimento, Apoio, Assessoramento e Orientacao Tecnica a Populacao Negra, Quilo"
"2024";"4649";"Cursos de Capacitacao e Qualificacao Profissional e Fomento a Atividades Economi"
"2024";"4650";"Realizacao de Eventos, Conferencias Tematicas e Atividades Alusivas ao Calendari"
"2024";"4651";"Interiorizacao das Politicas Publicas para Mulheres, LGBTQI+ e Etnico Racial    "
"2024";"4657";"Criacao e Formacao de Redes Associativas da Cultura                             "
"2024";"4661";"Promocao de Circulacao e Intercambio Cultural                                   "
"2024";"4662";"Auditoria do Desempenho da Gestao e Programas de Governo                        "
"2024";"4668";"Ampliacao e Manutencao Equipamentos Publicos de Economia Solidaria              "
"2024";"4674";"Habilitacao Cidada                                                              "
"2024";"4677";"Programa de Ajuste Fiscal do Estado                                             "
"2024";"4680";"Manutencao do Centro de Reabilitacao do Tipo IV de Sousa                        "
"2024";"4684";"Manutencao, Adaptacao, Reforma, Restauracao e Ampliacao de Imoveis              "
"2024";"4686";"Capacitacao e Aperfeicoamento de Pessoal                                        "
"2024";"4687";"Formacao de Acervo de Material Didatico sobre Juventude, Esporte e Lazer        "
"2024";"4694";"Implementacao e Estruturacao da Vigilancia Socioassistencial e Gestao do Trabalh"
"2024";"4695";"Modernizacao das Centrais de Recebimento de Produtos da Agricultura Familiar    "
"2024";"4705";"Formacao e Qualificacao Profissional para o SUS                                 "
"2024";"4706";"Gerenciamento de Politicas Publicas para Adolescentes em Cumprimento de Medidas "
"2024";"4707";"Manutencao e Fortalecimento das Instancias de Controle Social - Casa dos Conselh"
"2024";"4710";"Desenvolvimento dos Mecanismos de Planejamento e Gestao                         "
"2024";"4721";"Estruturacao da Rede de Transplantes no Estado                                  "
"2024";"4723";"Estruturacao da Politica de Regulacao em Saude                                  "
"2024";"4727";"Vigilancia e Formacao Sanitaria de Produtos e Servicos                          "
"2024";"4732";"Fortalecimento e Ampliacao da Rede de Banco de Leite no Estado                  "
"2024";"4734";"Reestruturacao Organizacional da Rede de Assistencia Hemoterapica e Hematologica"
"2024";"4735";"Implementacao da PolItica de Assistencia Farmaceutica do Estado                 "
"2024";"4738";"Estruturacao da Rede de Hemodialise Estadual                                    "
"2024";"4747";"Manutencao de Jardins Clonais e Rebanhos nas Estacoes Experimentais             "
"2024";"4754";"Desenvolvimento Humano e Social dos Integrantes do Corpo de Bombeiros Militar   "
"2024";"4755";"Desenvolvimento de Planos, Programas e Projetos Sociais Educativos e de Prevenca"
"2024";"4758";"Modernizacao e Organizacao do Sistema de Informacoes de Recursos Hidricos       "
"2024";"4765";"Manutencao do Hospital Distrital Francisco Bento Cabral (Aguiar)                "
"2024";"4766";"Manutencao do Hospital Regional Dr. Americo Maia de Vasconcelos (Catole do Rocha"
"2024";"4767";"Manutencao do Hospital e Maternidade Estevam Marinho (Coremas)                  "
"2024";"4768";"Manutencao do Hospital Regional Dr. Jose Gomes da Silva (Itaporanga)            "
"2024";"4769";"Manutencao do Hospital Estadual Dr. Francisco Assis de Freitas (Solanea)        "
"2024";"4770";"Manutencao do Hospital Distrital Dr. Ovidio Duarte (Serraria)                   "
"2024";"4771";"Manutencao do Hospital e Maternidade Sinha Carneiro (Santa Luzia)               "
"2024";"4772";"Manutencao do Hospital Geral Antonio Hilario de Gouveia (Taperoa)               "
"2024";"4773";"Manutencao do Hospital Geral Jose Felix de Brito (Itapororoca)                  "
"2024";"4774";"Manutencao do Hospital Regional Sebastiao Rodrigues de Melo (Itabaiana)         "
"2024";"4775";"Manutencao do Hospital Geral Dr. Patricio Leal Melo (Queimadas)                 "
"2024";"4776";"Manutencao do Hospital Distrital Luiz Alexandrino da Silva (Belem)              "
"2024";"4777";"Manutencao do Centro Especializado do Diagnostico do Cancer                     "
"2024";"4778";"Manutencao do Hospital Distrital Frei Damiao (Lagoa de Dentro)                  "
"2024";"4780";"Seguros e Taxas de Aeronaves                                                    "
"2024";"4781";"Gestao de Pactos Sociais e de Iniciativas de Interesse Coletivo                 "
"2024";"4788";"Apoio a Programas e Projetos Especiais                                          "
"2024";"4789";"Aceleracao da Aprendizagem e Correcao da Distorcao Idade-Serie                  "
"2024";"4795";"Desenvolvimento e Manutencao da 2a Gerencia Regional de Ensino - Guarabira      "
"2024";"4797";"Desenvolvimento e Manutencao da 4a Gerencia Regional de Ensino - Cuite          "
"2024";"4798";"Desenvolvimento e Manutencao da 5a Gerencia Regional de Ensino - Monteiro       "
"2024";"4799";"Desenvolvimento e Manutencao da 6a Gerencia Regional de Ensino - Patos          "
"2024";"4800";"Desenvolvimento e Manutencao da 7a Gerencia Regional de Ensino - Itaporanga     "
"2024";"4801";"Desenvolvimento e Manutencao da 8a Gerencia Regional de Ensino - Catole do Rocha"
"2024";"4802";"Desenvolvimento e Manutencao da 9a Gerencia Regional de Ensino - Cajazeiras     "
"2024";"4803";"Desenvolvimento e Manutencao da 10a Gerencia Regional de Ensino - Sousa         "
"2024";"4804";"Desenvolvimento e Manutencao da 11a Gerencia Regional de Ensino - Princesa Isabe"
"2024";"4805";"Desenvolvimento e Manutencao da 12a Gerencia Regional de Ensino - Itabaiana     "
"2024";"4806";"Desenvolvimento e Manutencao da 13a Gerencia Regional de Ensino - Pombal        "
"2024";"4807";"Desenvolvimento e Manutencao da 14a Gerencia Regional de Ensino - Mamanguape    "
"2024";"4808";"Manutencao do CAPS AD Estadual                                                  "
"2024";"4809";"Capacitacao de Recursos Humanos - SEJEL                                         "
"2024";"4813";"Implementacao da Escola Superior da Defensoria Publica                          "
"2024";"4814";"Institucionalizacao e Gestao da Politica Patrimonial                            "
"2024";"4819";"Aquisicao de Aeronaves                                                          "
"2024";"4820";"Liquidacao da Empresa Radio Tabajara S/A e Promocao do seu Retorno as Atividades"
"2024";"4822";"Instalacao e Gestao de Unidade Promotora de Parcerias Publico-Privadas no Estado"
"2024";"4823";"Elaboracao de Planos e Projetos na Area de Ciencia, Tecnologia e Inovacao       "
"2024";"4825";"Desenvolvimento Cultural e Educacional do Estado                                "
"2024";"4826";"Editoracao do Diario Oficial do Estado                                          "
"2024";"4828";"Hospital das Clinicas de Campina Grande                                         "
"2024";"4829";"Apoio a Formacao Profissional-Estagio Supervisionado da Adminstracao            "
"2024";"4830";"Pro-produtor                                                                    "
"2024";"4831";"Manutencao do Hospital Geral de Mamamguape                                      "
"2024";"4832";"Manutencao da Unidade de Pronto Atendimento UPA 24 Horas do Municipio de Guarabi"
"2024";"4833";"Manutencao da Unidade de Pronto Atendimento UPA 24 Horas do Municipio de Cajazei"
"2024";"4834";"Manutencao da Unidade de Pronto Atendimento UPA 24 Horas do Municipio de Princes"
"2024";"4835";"Manutencao da Unidade de Pronto Atendimento UPA 24 Horas do Municipio de Santa R"
"2024";"4836";"Manutencao do Hospital Metropolitano "Dom Jose Maria Pires"                     "
"2024";"4837";"Comercializacao de Insumos Basicos                                              "
"2024";"4838";"Formacao Cultural FUNES                                                         "
"2024";"4839";"Preservacao da Casa Museu de Ernani Satyro                                      "
"2024";"4840";"Comunicacao Institucional no Ambito da Divulgacao das Politicas Publicas        "
"2024";"4848";"Realizacao de Servicos Graficos                                                 "
"2024";"4851";"Locacao de Aeronaves                                                            "
"2024";"4853";"Formacao, Capacitacao e Especializacao de Civis e Militares                     "
"2024";"4854";"Manutencao do Centro de Convencoes de Joao Pessoa                               "
"2024";"4855";"Manutencao de Servicos Administrativos e Operacionais das Unidades do 1o Comando"
"2024";"4856";"Manutencao de Servicos Administrativos e Operacionais das Unidades do 2o Comando"
"2024";"4857";"Manutencao de Servicos Administrativos e Operacionais das Unidades do 3o Comando"
"2024";"4858";"Reforma e Conservacao de Imoveis do Sistema Prisional                           "
"2024";"4859";"Comunicacao Institucional da DPE                                                "
"2024";"4870";"Pacto pelo Desenvolvimento Social da Educacao                                   "
"2024";"4871";"Transporte Escolar                                                              "
"2024";"4872";"Manutencao de Servicos Administrativos do Centro de Convencoes                  "
"2024";"4875";"Implementacao da Politica Nacional de Atencao Integral a Saude das Pessoas Priva"
"2024";"4876";"Implementacao das Acoes do Laboratorio Central de Saude Publica para o Estado   "
"2024";"4877";"Implementacao da Politica do TFD/CERAC com Garantia de Acesso do Usuario em Trat"
"2024";"4884";"Conservacao, Reforma e Adaptacao de Imoveis - 2o Grau                           "
"2024";"4885";"Encargos com Agua, Energia e Telefone - 1o Grau                                 "
"2024";"4886";"Encargos com Agua, Energia e Telefone - 2o Grau                                 "
"2024";"4887";"Aluguel de Imoveis - 2o Grau                                                    "
"2024";"4890";"Aquisicao de Veiculos - 1o Grau                                                 "
"2024";"4891";"Aquisicao de Veiculos - 2o Grau                                                 "
"2024";"4892";"Manutencao de Servicos Administrativos - 1o Grau                                "
"2024";"4893";"Manutencao de Servicos Administrativos - 2o Grau                                "
"2024";"4894";"Servicos de Informatizacao - 1o Grau                                            "
"2024";"4895";"Servicos de Informatizacao - 2o Grau                                            "
"2024";"4896";"Conservacao, Reforma e Adaptacao de Imoveis - 1o Grau                           "
"2024";"4901";"Apoio a Formacao Profissional-Estagio Supervisionado da SEAP                    "
"2024";"4902";"Desenvolvimento e Manutencao de Sistemas de Informacao                          "
"2024";"4903";"Capacitacao de Recursos Humanos                                                 "
"2024";"4905";"Aprimoramento e Fortalecimento da Consultoria Juridica                          "
"2024";"4908";"Realizacao de Eventos                                                           "
"2024";"4909";"Promocao de Eventos Socio-participativos de Articulacao                         "
"2024";"4920";"Transversalidade da Cultura                                                     "
"2024";"4921";"Politicas Territoriais e Identitarias                                           "
"2024";"4922";"Formacao Cultural                                                               "
"2024";"4925";"Implantacao do Centro Estadual de Referencia Etnico Racial para Atendimento a Po"
"2024";"4938";"Aquisicao e Manutencao de Semoventes e Equipamentos de Adestramento - FUNESBOM  "
"2024";"4941";"Manutencao do Conselho Estadual de Direitos Humanos                             "
"2024";"4942";"Reuso de Efluentes das Estacoes de Tratamento de Esgotos para Usos Multiplos ETE"
"2024";"4943";"Compostagem dos Residuos Solidos da EMPASA                                      "
"2024";"4944";"Regularizacao Ambiental (RA)                                                    "
"2024";"4947";"Dragagem da Bacia de Evolucao e do Canal de Acesso ao Porto de Cabedelo e Recupe"
"2024";"4955";"Capacitacao Tecnica da SEIRH                                                    "
"2024";"4961";"Capacitacao de Juizes, Servidores e Candidatos a Magistratura (JC) - ESMA - 2o G"
"2024";"4964";"Capacitacao de Juizes, Servidores e Candidatos a Magistratura (FEPJ) - ESMA - 2o"
"2024";"4968";"Capacitacao de Recursos Humanos DOCAS                                           "
"2024";"4970";"Politica para as Artes (Formacao, Promocao, Circulacao e Fomento)               "
"2024";"4971";"Politica e Acoes de Ocupacao das Unidades Culturais da FUNESC                   "
"2024";"4972";"Politicas e Acoes Transversais e Intersetoriais                                 "
"2024";"4973";"Acoes Compartilhadas (Transversalidades e Intersetorialidade) FUNES             "
"2024";"4974";"Encargos com Pessoal Ativo do Magisterio do Ensino Fundamental                  "
"2024";"4975";"Auxilio Alimentacao do Ensino Fundamental                                       "
"2024";"4976";"Encargos com Pessoal Ativo do Magisterio do Ensino Medio                        "
"2024";"4982";"Encargos com a Liquidacao de Empresas Publicas: CDRM, EMPASA, SETUSA, PARAIBAN I"
"2024";"4983";"Ampliacao e Manutencao de Infraestrutura de Tecnologia de Informatica e Comunica"
"2024";"4984";"Operacao, Manutencao e Gestao da REPAD                                          "
"2024";"4985";"Copa Paraiba Futebol Sub - 15                                                   "
"2024";"4987";"Aquisicao e Manutencao de Material Belico - Casa Militar                        "
"2024";"4988";"Reserva para Contrapartida de Convenios                                         "
"2024";"4991";"Encargos com Pessoal Ativo - 1o Grau                                            "
"2024";"4992";"Encargos com Pessoal Ativo - 2o Grau                                            "
"2024";"4993";"Manutencao dos Aerodromos e Helipontos da Paraiba                               "
"2024";"4994";"Encargos com Transmissao de Dados e Sistemas                                    "
"2024";"4995";"Capacitacao de Juizes, Servidores e Candidatos a Magistratura (JC) - ESMA - 1o G"
"2024";"4996";"Capacitacao de Juizes, Servidores e Candidatos a Magistratura (FEPJ) - ESMA - 1o"
"2024";"4997";"Manutencao de Servicos Administrativos da Vila dos Idosos - Cidade Madura       "
"2024";"4998";"Encargos com Despesas Cartoriais                                                "
"2024";"4999";"Coordenacao do Sistema de Controle Interno do Governo do Estado                 "
"2024";"6000";"Implantacao e Manutencao da Casa de Acolhida LGBTQIAP+                          "
"2024";"6001";"Implantacao e Manutencao do Memorial da Diaspora Negra, das Etnias e das Comunid"
"2024";"6002";"Manutencao da Casa de Acolhimento Provisorio de Mulheres em Situacao de Violenci"
"2024";"6003";"Restauracao, Pavimentacao, Manutencao e Implantacao de Travessias Urbanas       "
"2024";"6004";"Vale e Auxilio Transporte - 1o Grau                                             "
"2024";"6005";"Vale e Auxilio Transporte - 2o Grau                                             "
"2024";"6006";"Vale e Auxilio Transporte                                                       "
"2024";"6007";"Paraiba que Acolhe                                                              "
"2024";"6008";"Ta na Mesa                                                                      "
"2024";"6009";"Manutencao de Servicos Administrativos e Operacionais das Unidades do 4o Comando"
"2024";"6010";"Encargos com Transmissao de Dados e Sistemas da Educacao                        "
"2024";"6011";"Encargos com Transmissao de Dados e Sistemas da Saude                           "
"2024";"6012";"Encargos com Transmissao de Dados e Sistemas da Seguranca Publica               "
"2024";"6013";"Apoio a Eventos e a Publicacoes nas Areas da Educacao, Ciencia, Tecnologia e Ino"
"2024";"6014";"Apoio a Pesquisa, Desenvolvimento e Inovacao em Educacao, Ciencia e Tecnologia  "
"2024";"6015";"Assistencia Terapeutica em Carater Excepcional                                  "
"2024";"6016";"Promocao de Acesso a Documentacao Civil Basica                                  "
"2024";"6017";"Manutencao da 4a Superintendencia Regional de Policia Civil na cidade de Guarabi"
"2024";"6018";"Auxilio Saude/Assistencia a Saude ADM                                           "
"2024";"6019";"Auxilio Saude/Assistencia a Saude - 1o GR                                       "
"2024";"6020";"Auxilio Saude/Assistencia a Saude - 2o GR                                       "
"2024";"6021";"Auxilio Saude/Assistencia a Saude - ADM                                         "
"2024";"6022";"Auxilio Saude/Assistencia a Saude - 1o GR                                       "
"2024";"6023";"Auxilio Saude/Assistencia a Saude - 2o GR                                       "
"2024";"6024";"Manutencao do Comite Interestadual de Recuperacao de Ativos do Estado da Paraiba"
"2024";"6025";"Concessao de Projetos de Ensino, Pesquisa, Extensao e Desenvolvimento nas Areas "
"2024";"6026";"Concessao de Bolsas para Formacao de Recursos Humanos nas Areas de Ciencia, Tecn"
"2024";"6027";"Fomento a Projetos de Extensao Tecnologica e Inovadora em Empresas              "
"2024";"6028";"Gerenciamento do Fundo ParaibaINOVA                                             "
"2024";"6029";"Elaboracao de Planos e Projetos na Area de Ciencia, Tecnologia e Inovacao       "
"2024";"6030";"Paraiba Esporte Total                                                           "
"2024";"6031";"Comercializacao de Insumos Basicos                                              "
"2024";"6032";"Vale e Auxilio Transporte (JC)                                                  "
"2024";"6033";"Seguranca em Tecnologia da Informacao - 1o Grau                                 "
"2024";"6034";"Seguranca em Tecnologia da Informacao - 2o Grau                                 "
"2024";"6035";"Realizacao de Pesquisas, Estudos e Informacoes de Periodicos                    "
"2024";"6036";"Encargos com Passagens Aereas                                                   "
"2024";"6037";"Encargos com Passagens Aereas da Seguranca Publica                              "
"2024";"6038";"Encargos com Passagens Aereas da Educacao                                       "
"2024";"6039";"Encargos com Passagens Aereas da Saude                                          "
"2024";"6040";"Apoio a Internacionalizacao de Projetos de PD&I em Empresas                     "
"2024";"6041";"Fomento a Internacionalizacao na Formacao de Recursos Humanos na Area de Educaca"
"2024";"6042";"Ampliacao, Reforma e Recuperacao da Sede da Cehap                               "
"2024";"6043";"Central Integrada de Alternativas Penais                                        "
"2024";"6044";"Implantacao e Manutencao da Casa de Acolhida LGBTQIAPNb+ na Cidade de Patos     "
"2024";"6045";"Manutencao do Centro de Referencia LGBTQIAPNb+ na Cidade de Cajazeiras          "
"2024";"6046";"Gerenciamento Florestal                                                         "
"2024";"6047";"Manutencao do Centro de Reabilitacao Tipo II do Municipio de Esperanca          "
"2024";"6048";"Aprimorar a Gestao e Manutencao da Rede de Atencao e Saude                      "
"2024";"6049";"Manutencao do Centro de Reabilitacao Tipo III do Municipio de Mamanguape        "
"2024";"6050";"Implantacao e Implementacao da Atencao Especializada                            "
"2024";"6051";"Implementacao da Gerencia de Bens, Insumos e Servicos para Saude                "
"2024";"6052";"Manutencao do Centro de Reabilitacao Tipo II do Municipio de Itabaiana          "
"2024";"6053";"Manutencao do Hospital da Mulher                                                "
"2024";"6054";"Manutencao das Unidades do Comando Regional III (CPR III)                       "
"2024";"6055";"Manutencao das Unidades do Comando Regional Metropolitano (CPRM)                "
"2024";"6056";"Acoes de Informacao e Producao do Conhecimento                                  "
"2024";"6057";"Implementacao de Acoes de Mitigacao e Adaptacao as Mudancas Climaticas          "
"2024";"6058";"Gerenciamento do Uso e Ocupacao do Solo Rural, Urbano e Costeiro e Desenvolvimen"
"2024";"6059";"Implementacao do Plano Estadual de Residuos Solidos                             "
"2024";"6060";"Implementacao de Acoes de Conservacao, Preservacao, Protecao e Recuperacao dos R"
"2024";"6061";"Capacitacao de Recursos Humanos - SEMAS                                         "
"2024";"6062";"Eventos, Comunicacao Social e Difusao de Informacoes                            "
"2024";"6063";"Politica e Acoes de Desenvolvimento do Ensino Superior                          "
"2024";"6064";"Fomento a Projetos de Formacao Profissional, Pesquisa e Extensao                "
"2024";"6065";"Realizacao e Apoio a Eventos de Ensino Superior, Pesquisa e Extensao            "
"2024";"6066";"Politica e Acoes de Apoio a Inovacao Tecnologica nas Empresas                   "
"2024";"6067";"Formacao de Profissionais nas Areas de Ciencia, Tecnologia e Inovacao           "
"2024";"6068";"Implantacao e Manutencao de Infraestrutura nas Areas de Ciencia, Tecnologia e In"
"2024";"6069";"Desenvolvimento e Manutencao de Parques Tecnologicos                            "
"2024";"6070";"Realizacao e Apoio a Eventos nas areas de Ciencia, Tecnologia e Inovacao        "
"2024";"6071";"Fomento a Projetos nas areas de Ciencia, Tecnologia e Inovacao                  "
"2024";"6072";"Fomento a Projetos e Acoes Transversais e Intersetoriais                        "
"2024";"6073";"Formacao e Capacitacao de Recursos Humanos nas Areas de Inovacao, Empreendedoris"
"2024";"6074";"Apoio a Projetos e Acoes de Conectividade e Inclusao Digital                    "
"2024";"6075";"Manutencao da Escola Superior da Defensoria Publica                             "
"2024";"6076";"Defesa e Promocao dos Direitos do Consumidor                                    "
"2024";"6077";"Monitoramento e Fiscalizacao Carceraria - GMF                                   "
"2024";"6078";"Manutencao do Hospital do Servidor Edson Ramalho                                "
"2024";"6079";"Monitoramento e Fiscalizacao Carceraria - GMF - 1o Grau                         "
"2024";"6080";"Monitoramento e Fiscalizacao Carceraria - GMF - 2o Grau                         "
"2024";"6081";"Construcao e Ampliacao de Imoveis do Sistema Prisional                          "
"2024";"6082";"Atividade de Suporte de Apoio Parlamentar                                       "
"2024";"6083";"Atividade de Suporte de Apoio Parlamentar                                       "
"2024";"6084";"Implementacao das Politicas de Protecao Social a Pessoa com Deficiencia no Estad"
"2024";"6085";"Implementacao da Politica Estadual dos Direitos Humanos no Estado da Paraiba    "
"2024";"6086";"Manutencao e Ampliacao das Atividades do Escritorio Social da Paraiba           "
"2024";"6087";"Execucao dos Servicos de Prevencao, Recuperacao e de Combate as Drogas no Estado"
"2024";"6088";"Formacao Continuada para Tecnicos e Gestores que Atuam com a Socioeducacao no Es"
"2024";"6089";"Atendimento Integral aos Adolescentes em Cumprimento de Medidas Socioeducativas "
"2024";"6090";"Implantacao da Politica Estadual da Causa Animal                                "
"2024";"6091";"Formacao Continuada para Tecnicos, Gestores e Conselheiros que Atuam com as Poli"
"2024";"6092";"Capacitacao de Procuradores e Servidores da PGE-PB                              "
"2024";"6093";"Fomentar Projetos de Pesquisa Vinculados a Parcerias Internacionais             "
"2024";"6094";"Cofinanciamento da Politica de Assistencia Social, em Conformidade com o Pacto F"
"2024";"6095";"Execucao dos Servicos de Protecao Social Especial - Media Complexidade          "
"2024";"6096";"Execucao dos Servicos de Aprimoramento da Gestao do SUAS no Estado da Paraiba   "
"2024";"6097";"Gerenciamento dos Contratos da Administracao das Unidades e Servicos de Saude   "
"2024";"6098";"Construcao, Conservacao, Reforma e Adaptacao de Imoveis                         "
"2024";"6099";"Desenvolvimento e Manutencao da 15a Gerencia Regional de Ensino                 "
"2024";"6100";"Desenvolvimento e Manutencao da 16a Gerencia Regional de Ensino                 "
"2024";"6101";"Compensacao Previdenciaria                                                      "
"2024";"6102";"Encargos com Aquisicao de Energia Fotovoltaica                                  "
"2024";"6103";"Projeto de Integracao do Rio Sao Francisco com as Bacias do Nordeste Setentriona"
"2024";"6104";"Apoio as Bacias Hidrograficas                                                   "
"2024";"6105";"Gestao e Gerenciamento do Projeto de Integracao do Rio Sao Francisco - PISF     "
"2024";"6106";"Desenvolvimento de Programas e Projetos de Responsabilidade Social para os Publi"
"2024";"6107";"Programa de Inclusao atraves da Musica e das Artes - PRIMA                      "
"2024";"6108";"Implementacao do Observatorio dos ODS Agenda 2030                               "
"2024";"6109";"Aperfeicoamento da Infraestrutura Tecnologica da Assemb                         "
"2024";"9996";"Reserva para atendimento do art. 166, § 8o da Constituicao Federal             "
"2024";"9997";"Reserva do Regime Proprio de Previdencia do Servidor - RPPS                     "
"2024";"9998";"Reserva para Cobertura de Emendas Parlamentares                                 "
"2024";"9999";"Reserva de Contigencia                                                          "